0xBTC/USD,["Synthetic"],0xBitcoin,US Dollar
1INCH/USD,["Binance",,
1ST/USD,["Synthetic"],FirstBlood,US Dollar
2GIVE/USD,["Synthetic"],2GIVE,US Dollar
300/USD,["Synthetic"],300 Token,US Dollar
611/USD,["Synthetic"],SixEleven,US Dollar
808/USD,["Synthetic"],808Coin,US Dollar
888/USD,["Synthetic"],OctoCoin,US Dollar
8BIT/USD,["Synthetic"],8Bit,US Dollar
999/USD,["Synthetic"],999,US Dollar
AAC/USD,["OKEx"],Acute Angle Cloud,US Dollar
AAVE/USD,["Binance",,
ABBC/USD,["BitForex",,
ABN/USD,["Synthetic"],Abncoin,US Dollar
ABT/USD,["OKEx"],Arcblock,US Dollar
ABY/USD,["Synthetic"],ArtByte,US Dollar
ACAT/USD,["Synthetic"],Alphacat,US Dollar
ACA/USD,["Binance",,
ACC/USD,["Synthetic"],AdCoin,US Dollar
ACES/USD,["Synthetic"],Aces,US Dollar
ACH/USD,["Coinbase Pro",,
ACN/USD,["Synthetic"],Avoncoin,US Dollar
ACOIN/USD,["Synthetic"],Acoin,US Dollar
ACP/USD,["Synthetic"],AnarchistsPrime,US Dollar
ACT/USD,["OKEx"],Achain,US Dollar
AC/USD,["Synthetic"],AsiaCoin,US Dollar
ADA/USD,["Binance",,
ADCN/USD,["Synthetic"],Asiadigicoin,US Dollar
ADC/USD,["Synthetic"],AudioCoin,US Dollar
Adelphoi/USD,["Kraken"],Adelphoi,US Dollar
ADS/USD,["Synthetic"],Adshares,US Dollar
ADT/USD,["Synthetic"],adToken,US Dollar
ADX/USD,["Synthetic"],AdEx,US Dollar
ADZ/USD,["Synthetic"],Adzcoin,US Dollar
AEON/USD,["Synthetic"],AEON,US Dollar
AERM/USD,["Synthetic"],Aerium,US Dollar
AE/USD,["DragonEX",,
AGI/USD,["Synthetic"],SingularityNET,US Dollar
AGRS/USD,["Synthetic"],Agoras Tokens,US Dollar
AGVC/USD,["Synthetic"],AgaveCoin,US Dollar
AIB/USD,["Synthetic"],Advanced Internet Blocks,US Dollar
AIDOC/USD,["Synthetic"],AI Doctor,US Dollar
Aidos Kuneen/USD,["Kraken"],Aidos Kuneen,US Dollar
AION/USD,["Binance",,
AIR/USD,["Synthetic"],AirToken,US Dollar
AI/USD,["Synthetic"],POLY AI,US Dollar
AIX/USD,["Synthetic"],Aigang,US Dollar
AKT/USD,["Bittrex",,
AKY/USD,["Synthetic"],Akuya Coin,US Dollar
ALGO/USD,["Binance",,
ALICE/USD,["Binance"],MyNeighborAlice,US Dollar
ALIS/USD,["Synthetic"],ALIS,US Dollar
ALPHA/USD,["Binance",,
ALPINE/USD,["Binance"],Alpine F1 Team Fan Token,US Dollar
ALQO/USD,["Synthetic"],ALQO,US Dollar
ALTCOM/USD,["Synthetic"],AltCommunity Coin,US Dollar
ALTC/USD,["Synthetic"],Antilitecoin,US Dollar
AMBER/USD,["Synthetic"],AmberCoin,US Dollar
AMB/USD,["HitBTC",,
AMMO/USD,["Synthetic"],Ammo Reloaded,US Dollar
AMM/USD,["Synthetic"],MicroMoney,US Dollar
AMPL/USD,["Gate.io",,
AMPt/USD,["Coinbase Pro"],Amp,US Dollar
AMP/USD,["Synthetic"],Synereo,US Dollar
AMS/USD,["Synthetic"],AmsterdamCoin,US Dollar
ANCp/USD,["Binance",,
ANI/USD,["Synthetic"],Animecoin,US Dollar
ANKR/USD,["Binance"],Ankr,US Dollar
Anoncoin/USD,["Kraken"],Anoncoin,US Dollar
ANTI/USD,["Synthetic"],AntiBitcoin,US Dollar
ANT/USD,["Binance",,
ANTX/USD,["Synthetic"],Antimatter,US Dollar
ANY/USD,["Binance"],Anyswap,US Dollar
AOAR/USD,["Synthetic"],Aurora,US Dollar
APE/USD,["Binance",,
API3/USD,["Binance",,
APIS/USD,["Synthetic"],APIS,US Dollar
APL/USD,["Synthetic"],Apollo Currency,US Dollar
APPC/USD,["Synthetic"],AppCoins,US Dollar
APX/USD,["Synthetic"],APX,US Dollar
ARBI/USD,["Synthetic"],ARBITRAGE,US Dollar
ARB/USD,["Synthetic"],ARbit,US Dollar
ARCO/USD,["Synthetic"],AquariusCoin,US Dollar
ARDR/USD,["Synthetic"],Ardor,US Dollar
ARG/USD,["Synthetic"],Argentum,US Dollar
ARGUS/USD,["Synthetic"],Argus,US Dollar
ARI/USD,["Synthetic"],Aricoin,US Dollar
ARK/USD,["OKEx",,
ARN/USD,["Synthetic"],Aeron,US Dollar
ARPA/USD,["Binance"],ARPA Chain,US Dollar
ART/USD,["Synthetic"],Maecenas,US Dollar
AR/USD,["Binance",,
ARV/USD,["ProBit Exchange"],Ariva,US Dollar
ASN/USD,["Synthetic"],Aseancoin,US Dollar
ASTRO/USD,["Synthetic"],Astro,US Dollar
ASTR/USD,["Binance",,
AST/USD,["OKEx"],AirSwap,US Dollar
ATA/USD,["Binance"],Automata Network,US Dollar
ATB/USD,["YoBit"],ATBCoin,US Dollar
ATLAS/USD,["FTX",,
ATL/USD,["Synthetic"],ATLANT,US Dollar
ATMS/USD,["Synthetic"],Atmos,US Dollar
ATM/USD,["YoBit"],ATMChain,US Dollar
ATOMc/USD,["Synthetic"],Atomic Coin,US Dollar
ATOM/USD,["Binance",,
ATS/USD,["Synthetic"],Authorship,US Dollar
ATXN/USD,["Synthetic"],Aston,US Dollar
ATX/USD,["Synthetic"],Artex Coin,US Dollar
AUDIO/USD,["Binance"],Audius,US Dollar
AURA/USD,["Synthetic"],Aurora-DAO,US Dollar
AUR/USD,["Synthetic"],Auroracoin,US Dollar
AUTO/USD,["Synthetic"],Cube,US Dollar
AU/USD,["Synthetic"],AurumCoin,US Dollar
AVAX/USD,["Binance",,
AVT/USD,["Synthetic"],Aventus,US Dollar
AV/USD,["Synthetic"],AvatarCoin,US Dollar
AWR/USD,["Synthetic"],AWARE,US Dollar
AXIOM/USD,["Synthetic"],Axiom,US Dollar
AXPR/USD,["Synthetic"],aXpire,US Dollar
AXS/USD,["Binance",,
B2B/USD,["Synthetic"],B2BX,US Dollar
B2M/USD,["Bittrex"],Bit2Me,US Dollar
B2X/USD,["YoBit"],SegWit2x,US Dollar
BAC/USD,["Synthetic"],BitAlphaCoin,US Dollar
BADGER/USD,["Binance",,
BAKE/USD,["Binance"],BakeryToken,US Dollar
BAL/USD,["Binance",,
BANCA/USD,["Synthetic"],Banca,US Dollar
BAND/USD,["Binance"],Band Protocol,US Dollar
BAN/USD,["Synthetic"],Banano Coin,US Dollar
BASH/USD,["Synthetic"],LuckChain,US Dollar
BAT/USD,["Bibox",,
BAT/USDC,["Coinbase Pro"],Basic Attention Token,USD Coin
BAX/USD,["CoinTiger",,
BAY/USD,["Synthetic"],BitBay,US Dollar
BBC/USD,["Synthetic"],TraDove B2BCoin,US Dollar
BBK/USD,["Synthetic"],Brickblock,US Dollar
BBT/USD,["Synthetic"],BitBoost,US Dollar
BCAP/USD,["Synthetic"],BCAP,US Dollar
BCA/USD,["YoBit"],Bitcoin Atom,US Dollar
BCDN/USD,["Gate.io"],BlockCDN,US Dollar
BCD/USD,["Gate.io",,
BCHSV/USD,["Bitfinex",,
BCH/USD,["Binance",,
BCI/USD,["Synthetic"],Bitcoin Interest,US Dollar
BCN/USD,["HitBTC"],Bytecoin,US Dollar
BCO/USD,["Synthetic"],BridgeCoin,US Dollar
BCPT/USD,["Synthetic"],Blockmason Credit Protocol,US Dollar
BCV/USD,["Synthetic"],BitCapitalVendor,US Dollar
BCX/USD,["Gate.io"],BitcoinX,US Dollar
BCZERO/USD,["Synthetic"],Buggyra Coin Zero,US Dollar
BDG/USD,["Synthetic"],BitDegree,US Dollar
BDL/USD,["Synthetic"],Bitdeal,US Dollar
BEAM/USD,["Binance",,
BEE/USD,["Synthetic"],Bee-Token,US Dollar
BELA/USD,["Synthetic"],Bela,US Dollar
BENJI/USD,["Synthetic"],BenjiRolls,US Dollar
BERN/USD,["Synthetic"],BERNcash,US Dollar
BERRY/USD,["HitBTC"],Rentberry,US Dollar
BESTb/USD,["Synthetic"],Bitpanda Ecosystem Token,US Dollar
BEST/USD,["Synthetic"],BestChain,US Dollar
BETA/USD,["Binance"],Beta Finance,US Dollar
BEZ/USD,["Synthetic"],Bezop,US Dollar
BFT/USD,["Synthetic"],BnkToTheFuture,US Dollar
BiblePay/USD,["Kraken"],BiblePay,US Dollar
BIGUP/USD,["Synthetic"],BigUp,US Dollar
BIOB/USD,["Synthetic"],BioBar,US Dollar
BIOS/USD,["Synthetic"],BiosCrypto,US Dollar
BIRDS/USD,["Synthetic"],Birds,US Dollar
BIS/USD,["Synthetic"],Bismuth,US Dollar
BITB/USD,["Synthetic"],Bean Cash,US Dollar
BITCAR/USD,["Synthetic"],BitCar,US Dollar
BITOK/USD,["Synthetic"],Bitok,US Dollar
BITS/USD,["Synthetic"],Bitstar,US Dollar
BIT/USD,["Synthetic"],First Bitcoin,US Dollar
BITZ/USD,["Synthetic"],Bitz,US Dollar
BIX/USD,["Bibox"],Bibox Token,US Dollar
BKX/USD,["Synthetic"],BANKEX,US Dollar
BLAZR/USD,["Synthetic"],BlazerCoin,US Dollar
BLC/USD,["Synthetic"],Blakecoin,US Dollar
BLITZ/USD,["Synthetic"],Blitzcash,US Dollar
BLK/USD,["Synthetic"],BlackCoin,US Dollar
BLOCK/USD,["Synthetic"],Blocknet,US Dollar
BLOK/USD,["Gate.io",,
BLRY/USD,["Synthetic"],BillaryCoin,US Dollar
BLUE/USD,["Synthetic"],BLUE,US Dollar
BLU/USD,["Synthetic"],BlueCoin,US Dollar
BLX/USD,["Synthetic"],Blockchain Index,US Dollar
BLZE/USD,["Gate.io",,
BMC/USD,["HitBTC"],Blackmoon,US Dollar
BMT/USD,["Synthetic",,
BNB/USD,["Binance",,
BNK/USD,["HitBTC"],Bankera,US Dollar
BNS/USD,["Kucoin"],BNS Token,US Dollar
BNT/USD,["HitBTC",,
BNTY/USD,["Gate.io"],Bounty0x,US Dollar
BNXr/USD,["Binance"],BinaryX,US Dollar
BOAT/USD,["Synthetic"],BOAT,US Dollar
BOK/USD,["Synthetic"],Blockium,US Dollar
BORA/USD,["Synthetic"],BORA,US Dollar
BOX/USD,["Synthetic"],ContentBox,US Dollar
BPCN/USD,["Synthetic"],Big Profit Coin,US Dollar
BPC/USD,["Synthetic"],Bitpark Coin,US Dollar
BPL/USD,["Synthetic"],Blockpool,US Dollar
BQ/USD,["Synthetic"],bitqy,US Dollar
BQX/USD,["Synthetic"],Voyager Token,US Dollar
BRAIN/USD,["Synthetic"],Braincoin,US Dollar
BRAT/USD,["Synthetic"],BROTHER,US Dollar
BRD/USD,["Synthetic"],Bread,US Dollar
BRIA/USD,["BTC-Alpha"],BriaCoin,US Dollar
BRIT/USD,["Synthetic"],BritCoin,US Dollar
BRK/USD,["Synthetic"],Breakout,US Dollar
BRO/USD,["Synthetic"],Bitradio,US Dollar
BRX/USD,["Synthetic"],Breakout Stake,US Dollar
BRZE/USD,["Synthetic"],Breezecoin,US Dollar
BSC/USD,["Synthetic"],BowsCoin,US Dollar
BSN/USD,["Synthetic"],Bastonet,US Dollar
BSR/USD,["Synthetic"],BitSoar,US Dollar
BSTAR/USD,["Synthetic"],Blackstar,US Dollar
BST/USD,["Synthetic"],BlockStamp,US Dollar
BSTY/USD,["Synthetic"],GlobalBoost-Y,US Dollar
BSV/USD,["Huobi",,
BSW/USD,["Binance",,
BTA/USD,["Synthetic"],Bata,US Dollar
BTBc/USD,["Synthetic"],Bitbase,US Dollar
BTB/USD,["Synthetic"],BitBar,US Dollar
BTC2X/USD,["Synthetic"],Bitcoin2x,US Dollar
BTCB/USD,["Synthetic"],Bitcoin BEP2,US Dollar
BTCM/USD,["YoBit"],BTCMoon,US Dollar
BTCP/USD,["Synthetic"],Bitcoin Private,US Dollar
BTCRED/USD,["YoBit"],Bitcoin Red,US Dollar
BTCR/USD,["Synthetic"],Bitcurrency,US Dollar
BTCST/USD,["Binance",,
BTCS/USD,["Synthetic"],Bitcoin Scrypt,US Dollar
BTC/USD,["Binance",,
BTCV/USD,["Coineal",,
BTCZ/USD,["BTC-Alpha",,
BTDX/USD,["Synthetic"],Bitcloud,US Dollar
BTE/USD,["Synthetic"],BitSerial,US Dollar
BTG/USD,["HitBTC",,
BTK/USD,["Synthetic"],Bitcoin Turbo Koin,US Dollar
BTMA/USD,["Synthetic"],Bitmark,US Dollar
BTM/USD,["Bibox",,
BTO/USD,["Gate.io"],Bottos,US Dollar
BTPL/USD,["Synthetic"],Bitcoin Planet,US Dollar
BTS/USD,["Binance",,
BTTN/USD,["Binance",,
BTT/USD,["Binance",,
BTUp/USD,["Synthetic"],BTU Protocol,US Dollar
BTW/USD,["Synthetic"],BitWhite,US Dollar
BTXN/USD,["Synthetic"],BTXN Coin,US Dollar
BTX/USD,["Hotbit"],BitCore,US Dollar
BUB/USD,["Synthetic"],Bubble,US Dollar
BUCKS/USD,["Synthetic"],SwagBucks,US Dollar
BUL/USD,["Synthetic"],Bulleon,US Dollar
BUMBA/USD,["Synthetic"],BumbaCoin,US Dollar
BUSD/USD,["Binance",,
BU/USD,["Gate.io",,
BUZZ/USD,["Synthetic"],BuzzCoin,US Dollar
BVC/USD,["Synthetic"],BeaverCoin,US Dollar
BWK/USD,["Synthetic"],Bulwark,US Dollar
BXC/USD,["Synthetic"],Bitcedi,US Dollar
BXT/USD,["Synthetic"],BitTokens,US Dollar
BYC/USD,["Synthetic"],Bytecent,US Dollar
BZE/USD,["Synthetic"],BZEdge,US Dollar
BZNT/USD,["Synthetic"],Bezant,US Dollar
BZX/USD,["Synthetic"],Bitcoin Zero,US Dollar
C20/USD,["Synthetic"],CRYPTO20,US Dollar
C2/USD,["Synthetic"],Coin2.1,US Dollar
C98/USD,["Binance"],Coin98,US Dollar
CAB/USD,["Synthetic"],Cabbage,US Dollar
CAG/USD,["Synthetic"],Change,US Dollar
CAKE/USD,["Binance",,
CALC/USD,["Synthetic"],CaliphCoin,US Dollar
CANN/USD,["Synthetic"],CannabisCoin,US Dollar
CAN/USD,["Synthetic"],CanYaCoin,US Dollar
CAPP/USD,["Synthetic"],Cappasity,US Dollar
CARBON/USD,["YoBit"],Carboncoin,US Dollar
CARD/USD,["Synthetic"],Cardstack,US Dollar
CASH/USD,["Synthetic"],Cashcoin,US Dollar
CAT/USD,["Synthetic"],BlockCAT,US Dollar
CBC/USD,["Coinsbit",,
CBD/USD,["Synthetic"],CBD Crystals,US Dollar
CBT/USD,["Synthetic"],CommerceBlock,US Dollar
CBXN/USD,["Synthetic"],Bullion,US Dollar
CBX/USD,["Synthetic"],Crypto Bullion,US Dollar
CCO/USD,["Synthetic"],Ccore,US Dollar
CCRB/USD,["Synthetic"],CryptoCarbon,US Dollar
CCT/USD,["Synthetic"],Crystal Clear,US Dollar
CDM/USD,["Synthetic"],Condominium,US Dollar
CDN/USD,["Synthetic"],Canada eCoin,US Dollar
CDT/USD,["Gate.io"],CoinDash,US Dollar
CDX/USD,["Synthetic"],CDX Network,US Dollar
CEEK/USD,["Gate.io"],CEEK VR,US Dollar
CELO/USD,["Binance",,
CELR/USD,["Binance",,
CEL/USD,["FTX",,
CENNZ/USD,["Synthetic"],Centrality,US Dollar
CET/USD,["CoinEx"],CoinEx Token,US Dollar
CFC/USD,["Synthetic"],CoffeeCoin,US Dollar
CFD/USD,["Synthetic"],Confido,US Dollar
CF/USD,["Synthetic"],Californium,US Dollar
CFX/USD,["Binance"],Conflux,US Dollar
CGLD/USD,["Coinbase Pro"],Celo,US Dollar
CHAT/USD,["ZB.COM"],ChatCoin,US Dollar
CHC/USD,["Synthetic"],ChainCoin,US Dollar
CHEAP/USD,["Synthetic"],Cheapcoin,US Dollar
CHESS/USD,["Synthetic"],ChessCoin,US Dollar
CHR/USD,["Binance",,
CHSB/USD,["Synthetic"],SwissBorg,US Dollar
CHZ/USD,["Binance",,
CIX100/USD,["Kucoin"],Cryptoindex.com 100,US Dollar
CJ/USD,["Synthetic"],Cryptojacks,US Dollar
CKB/USD,["Binance",,
CLAM/USD,["Synthetic"],Clams,US Dollar
CLOAK/USD,["Synthetic"],CloakCoin,US Dollar
CLO/USD,["Bitfinex",,
CLUB/USD,["Synthetic"],ClubCoin,US Dollar
CMCT/USD,["HitBTC"],Crowd Machine,US Dollar
CME/USD,["Synthetic"],Cashme,US Dollar
CMPCO/USD,["Synthetic"],CampusCoin,US Dollar
CMS/USD,["Synthetic"],COMSA [ETH],US Dollar
CMTA/USD,["Synthetic"],Comet,US Dollar
CMT/USD,["Synthetic"],CyberMiles,US Dollar
CND/USD,["HitBTC"],Cindicator,US Dollar
CNNC/USD,["Synthetic"],Cannation,US Dollar
CNO/USD,["Synthetic"],Coin(O),US Dollar
CNT/USD,["Synthetic"],Centurion,US Dollar
CNX/USD,["Cryptonex"],Cryptonex,US Dollar
COAL/USD,["Synthetic"],BitCoal,US Dollar
COB/USD,["Synthetic"],Cobinhood,US Dollar
COCOS/USD,["Binance"],Cocos-BCX,US Dollar
COFI/USD,["Gate.io"],CoinFi,US Dollar
COLX/USD,["Synthetic"],ColossusCoinXT,US Dollar
COMP/USD,["Binance",,
CON/USD,["Synthetic"],PayCon,US Dollar
CONX/USD,["Synthetic"],Concoin,US Dollar
CORE/USD,["Gate.io"],cVault.finance,US Dollar
CORG/USD,["Synthetic"],CorgiCoin,US Dollar
COR/USD,["Synthetic"],CORION,US Dollar
COS/USD,["Synthetic"],COS,US Dollar
COTI/USD,["Binance",,
COT/USD,["Synthetic"],CoTrader,US Dollar
COUPE/USD,["Synthetic"],Coupecoin,US Dollar
COVAL/USD,["Coinbase Pro",,
COV/USD,["Synthetic"],Covesting,US Dollar
CPCH/USD,["Synthetic"],CPChain,US Dollar
CPC/USD,["Livecoin"],Capricoin,US Dollar
CRAVE/USD,["Synthetic"],Crave,US Dollar
CRB/USD,["Synthetic"],Creditbit,US Dollar
CRCA/USD,["YoBit"],CryCash,US Dollar
CRDNC/USD,["Synthetic"],Credence Coin,US Dollar
CREDO/USD,["Synthetic"],Credo,US Dollar
CRED/USD,["Synthetic"],Verify,US Dollar
CREVA/USD,["Synthetic"],CrevaCoin,US Dollar
CRM/USD,["Synthetic"],Cream,US Dollar
CRO/USD,["Huobi",,
CRPT/USD,["HitBTC",,
CRTM/USD,["Synthetic"],Corethum,US Dollar
CRV/USD,["Binance",,
CRW/USD,["Synthetic"],Crown,US Dollar
CRX/USD,["Synthetic"],Chronos,US Dollar
CSNO/USD,["Synthetic"],BitDice,US Dollar
CSPR/USD,["Gate.io",,
CS/USD,["Synthetic"],Credits,US Dollar
CTIC2/USD,["Synthetic"],Coimatic 2.0,US Dollar
CTIC3/USD,["Synthetic"],Coimatic 3.0,US Dollar
CTSI/USD,["Binance"],Cartesi,US Dollar
CTXC/USD,["Binance",,
CTX/USD,["Synthetic"],CarTaxi Token,US Dollar
CURE/USD,["Synthetic"],Curecoin,US Dollar
CV2/USD,["Synthetic"],Colossuscoin V2,US Dollar
CVCoin/USD,["Kraken"],CVCoin,US Dollar
CVC/USD,["Binance",,
CVT/USD,["HitBTC",,
CV/USD,["Synthetic"],carVertical,US Dollar
CVX/USD,["Binance",,
CWXT/USD,["Synthetic"],CryptoWorldX Token,US Dollar
CXT/USD,["Synthetic"],Coinonat,US Dollar
CYC/USD,["Synthetic"],Cycling Coin,US Dollar
CYDER/USD,["Synthetic"],Cyder,US Dollar
DAG/USD,["Synthetic"],Constellation,US Dollar
DAI/USD,["Coinbase Pro",,
DALC/USD,["Synthetic"],Dalecoin,US Dollar
DARn/USD,["Binance"],Mines of Dalarnia,US Dollar
DASHG/USD,["Synthetic"],Dash Green,US Dollar
DASHS/USD,["Synthetic"],Dashs,US Dollar
DASH/USD,["Binance",,
DATA/USD,["Bitfinex",,
DAT/USD,["Synthetic"],Datum,US Dollar
DAV/USD,["Synthetic"],DavorCoin,US Dollar
DAX/USD,["Synthetic"],DAEX,US Dollar
DAY/USD,["Synthetic"],Chronologic,US Dollar
DBC/USD,["Gate.io"],DeepBrain Chain,US Dollar
DBG/USD,["Synthetic"],Digital Bullion Gold,US Dollar
DBIX/USD,["Synthetic"],DubaiCoin,US Dollar
DBTC/USD,["Synthetic"],Debitcoin,US Dollar
DCC/USD,["Synthetic"],Distributed Credit Chain,US Dollar
DCN/USD,["HitBTC"],Dentacoin,US Dollar
DCRE/USD,["Synthetic"],DeltaCredits,US Dollar
DCR/USD,["Binance",,
DCT/USD,["Synthetic"],DECENT,US Dollar
DCY/USD,["Synthetic"],Dinastycoin,US Dollar
DDD/USD,["Gate.io"],Scry.info,US Dollar
DDF/USD,["Synthetic"],DigitalDevelopersFund,US Dollar
DDK/USD,["ProBit Exchange"],DDKoin,US Dollar
DEEX/USD,["BTC-Alpha"],DEEX,US Dollar
DEM/USD,["Synthetic"],Deutsche eMark,US Dollar
DENT/USD,["Binance",,
DERO/USD,["Synthetic"],Dero,US Dollar
DES/USD,["Synthetic"],Destiny,US Dollar
DEUS/USD,["Synthetic"],DeusCoin,US Dollar
DFT/USD,["YoBit"],DraftCoin,US Dollar
DGB/USD,["Bittrex",,
DGCS/USD,["Synthetic"],Digital Credits,US Dollar
DGC/USD,["Synthetic"],Digitalcoin,US Dollar
DGD/USD,["Synthetic"],DigixDAO,US Dollar
DGTX/USD,["Synthetic"],Digitex Futures,US Dollar
DICE/USD,["Synthetic"],Etheroll,US Dollar
DIG/USD,["Livecoin"],Dignity,US Dollar
DIME/USD,["YoBit"],Dimecoin,US Dollar
DISK/USD,["Synthetic"],DarkLisk,US Dollar
DIVI/USD,["Synthetic"],Divi,US Dollar
DLC/USD,["Synthetic"],Dollarcoin,US Dollar
DLISK/USD,["Synthetic"],DAPPSTER,US Dollar
DLT/USD,["Synthetic"],Agrello,US Dollar
DMB/USD,["Synthetic"],Digital Money Bits,US Dollar
DMG/USD,["MXC",,
DMT/USD,["Synthetic"],DMarket,US Dollar
DNR/USD,["Synthetic"],Denarius,US Dollar
DNT/USD,["Synthetic"],district0x,US Dollar
DOCK/USD,["Binance",,
DOGE/USD,["Binance",,
DOLLAR/USD,["Synthetic"],Dollar Online,US Dollar
DOPE/USD,["Synthetic"],DopeCoin,US Dollar
DOVU/USD,["Synthetic"],Dovu,US Dollar
DP/USD,["Synthetic"],DigitalPrice,US Dollar
DPY/USD,["Gate.io"],Delphy,US Dollar
DREAM/USD,["Synthetic"],DreamTeam,US Dollar
DREP/USD,["Binance"],DREP,US Dollar
DRGN/USD,["Gate.io"],Dragonchain,US Dollar
DRG/USD,["Synthetic"],Dragon Coins,US Dollar
DRM/USD,["Synthetic"],Dreamcoin,US Dollar
DROP/USD,["Synthetic"],Dropil,US Dollar
DRP/USD,["Synthetic"],DCORP,US Dollar
DRS/USD,["Synthetic"],Digital Rupees,US Dollar
DRT/USD,["HitBTC",,
DRXNE/USD,["Synthetic"],DROXNE,US Dollar
DSR/USD,["Synthetic"],Desire,US Dollar
DTA/USD,["Huobi"],DATA,US Dollar
DTB/USD,["Synthetic"],Databits,US Dollar
DTEP/USD,["Synthetic"],DECOIN,US Dollar
DUB/USD,["Synthetic"],Dubstep,US Dollar
DUO/USD,["Synthetic"],ParallelCoin,US Dollar
DUSK/USD,["Binance",,
DUTCH/USD,["Synthetic"],Dutch Coin,US Dollar
DYDX/USD,["Binance",,
DYNMT/USD,["Hotbit"],Dynamite,US Dollar
DYN/USD,["Synthetic"],Dynamic,US Dollar
EAC/USD,["Synthetic"],EarthCoin,US Dollar
EAGLE/USD,["Synthetic"],EagleCoin,US Dollar
EBCH/USD,["Synthetic"],eBitcoinCash,US Dollar
EBET/USD,["Synthetic"],EthBet,US Dollar
EBST/USD,["Synthetic"],eBoost,US Dollar
EBTC/USD,["Synthetic"],eBitcoin,US Dollar
EBT/USD,["Synthetic"],Ebittree Coin,US Dollar
ECASH/USD,["Synthetic"],Ethereum Cash,US Dollar
ECA/USD,["Synthetic"],Electra,US Dollar
ECC/USD,["Synthetic"],ECC,US Dollar
ECN/USD,["Synthetic"],E-coin,US Dollar
ECOB/USD,["Synthetic"],Ecobit,US Dollar
ECO/USD,["Synthetic"],EcoCoin,US Dollar
ECTE/USD,["Synthetic"],EurocoinToken,US Dollar
EDC/USD,["Synthetic"],EDC Blockchain,US Dollar
EDG/USD,["HitBTC"],Edgeless,US Dollar
EDO/USD,["Bitfinex"],Eidoo,US Dollar
EDRC/USD,["Synthetic"],EDRCoin,US Dollar
EDRL/USD,["CoinTiger",,
EER/USD,["Synthetic"],Ethereum eRush,US Dollar
EFI/USD,["Gate.io"],Efinity Token,US Dollar
EGAS/USD,["Synthetic"],ETHGAS,US Dollar
EGCr/USD,["PancakeSwap"],EverGrow Coin,US Dollar
EGC/USD,["Synthetic"],EverGreenCoin,US Dollar
EGG/USD,["Synthetic"],EggCoin,US Dollar
EGLD/USD,["Binance",,
EGOLD/USD,["Synthetic"],eGold,US Dollar
EGO/USD,["Synthetic"],EGO,US Dollar
EGT/USD,["Huobi",,
EKT/USD,["Huobi",,
ELA/USD,["CoinEx",,
ELC/USD,["Synthetic"],Elacoin,US Dollar
ELEC/USD,["Gate.io",,
ELE/USD,["Synthetic"],Elementrem,US Dollar
ELF/USD,["Huobi",,
ELITE/USD,["Synthetic"],Ethereum Lite,US Dollar
ELIX/USD,["Synthetic"],Elixir,US Dollar
ELLA/USD,["Synthetic"],Ellaism,US Dollar
ELON/USD,["Gate.io",,
ELTC2/USD,["Synthetic"],eLTC,US Dollar
ELTCOIN/USD,["Synthetic"],ELTCOIN,US Dollar
EL/USD,["Livecoin"],Elcoin,US Dollar
ELYTE/USD,["Synthetic"],ETHEREUM LYTE,US Dollar
EMC2/USD,["Synthetic"],Einsteinium,US Dollar
EMD/USD,["Synthetic"],Emerald Crypto,US Dollar
Empire Warriors/USD,["Kraken"],EMoneyPower,US Dollar
EMV/USD,["Synthetic"],Ethereum Movie Venture,US Dollar
ENG/USD,["Synthetic"],Enigma,US Dollar
ENJ/USD,["Binance",,
ENRG/USD,["Synthetic"],Energycoin,US Dollar
ENT/USD,["Synthetic"],Eternity,US Dollar
EOSDAC/USD,["Gate.io",,
EOS/USD,["Binance",,
EPS/USD,["Binance"],Ellipsis,US Dollar
EPX/USD,["Binance"],Ellipsis X,US Dollar
EPY/USD,["Synthetic"],Emphy,US Dollar
ERC20/USD,["Synthetic"],ERC20,US Dollar
ERC/USD,["Synthetic"],EuropeCoin,US Dollar
ERG/USD,["Gate.io",,
ERY/USD,["Synthetic"],Eryllium,US Dollar
ESP/USD,["Synthetic"],Espers,US Dollar
ESS/USD,["Synthetic"],Essentia,US Dollar
ETA/USD,["Synthetic"],Etheera,US Dollar
ETBS/USD,["Synthetic"],Ethbits,US Dollar
ETC/USD,["Binance",,
ETHD/USD,["Synthetic"],Ethereum Dark,US Dollar
ETHM/USD,["Synthetic"],Ethereum Meta,US Dollar
ETH/USD,["Binance",,
ETN/USD,["HitBTC"],Electroneum,US Dollar
ETP/USD,["Bitfinex",,
ETT/USD,["Synthetic"],EncryptoTel [WAVES],US Dollar
EUC/USD,["Synthetic"],Eurocoin,US Dollar
EURS/USD,["Ethfinex",,
EUSD/USD,["Synthetic"],eUSD,US Dollar
EVC/USD,["Synthetic"],EventChain,US Dollar
EVIL/USD,["Synthetic"],Evil Coin,US Dollar
EVNN/USD,["Synthetic"],EvenCoin,US Dollar
EVO/USD,["Synthetic"],Evotion,US Dollar
EVX/USD,["HitBTC"],Everex,US Dollar
EWT/USD,["Kraken",,
EXCL/USD,["Synthetic"],ExclusiveCoin,US Dollar
EXC/USD,["Synthetic"],Eximchain,US Dollar
EXMR/USD,["Synthetic"],EXMR,US Dollar
EXN/USD,["Synthetic"],ExchangeN,US Dollar
EXP/USD,["Synthetic"],Expanse,US Dollar
EXRN/USD,["Synthetic"],EXRNchain,US Dollar
FAIR/USD,["Synthetic"],FairCoin,US Dollar
FAP/USD,["Synthetic"],FAPcoin,US Dollar
FAZZ/USD,["Synthetic"],Fazzcoin,US Dollar
FCN/USD,["Synthetic"],Fantomcoin,US Dollar
FCT/USD,["Synthetic"],Factom,US Dollar
FC/USD,["Synthetic"],Facecoin,US Dollar
FDZ/USD,["Synthetic"],Friendz,US Dollar
FEI/USD,["Gate.io"],Fei USD,US Dollar
FET/USD,["Binance",,
FFC/USD,["Synthetic"],FireFlyCoin,US Dollar
FIDYO/USD,["Synthetic"],Fidyo,US Dollar
FIL/USD,["Binance",,
FINE/USD,["Gate.io"],Refinable,US Dollar
FIO/USD,["BitMax"],FIO Protocol,US Dollar
FIRE/USD,["Synthetic"],Firecoin,US Dollar
FIRO/USD,["MEXC",,
FITFI/USD,["Gate.io",,
FJC/USD,["Synthetic"],FujiCoin,US Dollar
FLASH/USD,["Synthetic"],Flash,US Dollar
FLAX/USD,["Synthetic"],Flaxscript,US Dollar
FLDC/USD,["Synthetic"],FoldingCoin,US Dollar
FLIK/USD,["Synthetic"],FLiK,US Dollar
FLM/USD,["Synthetic"],FolmCoin,US Dollar
FLO/USD,["Synthetic"],FLO,US Dollar
FLOW/USD,["Binance",,
FLUX/USD,["Binance",,
FLUZ/USD,["Synthetic"],Fluz Fluz,US Dollar
FLVR/USD,["Synthetic"],FlavorCoin,US Dollar
FLY/USD,["Synthetic"],Flycoin,US Dollar
FNC/USD,["Synthetic"],FinCoin,US Dollar
FNKOS/USD,["Synthetic"],FNKOS,US Dollar
FNTB/USD,["Synthetic",,
FOIN/USD,["Synthetic"],FOIN,US Dollar
FONZ/USD,["Synthetic"],Fonziecoin,US Dollar
FOR/USD,["Synthetic"],FORCE,US Dollar
FRC/USD,["Synthetic"],Freicoin,US Dollar
FRD/USD,["Synthetic"],Farad,US Dollar
FRK/USD,["Synthetic"],Franko,US Dollar
FRN/USD,["Synthetic"],Francs,US Dollar
FRST/USD,["Synthetic"],FirstCoin,US Dollar
FRWC/USD,["Synthetic"],FrankyWillCoin,US Dollar
FSN/USD,["Synthetic"],Fusion,US Dollar
FST/USD,["Synthetic"],Fastcoin,US Dollar
FTC/USD,["Synthetic"],Feathercoin,US Dollar
FTM/USD,["Binance",,
FTOKEN/USD,["Synthetic"],Flash Token,US Dollar
FTO/USD,["SouthXchange",,
FTT/USD,["Binance",,
FT/USD,["Synthetic"],Fabric Token,US Dollar
FUCK/USD,["Synthetic"],FuckToken,US Dollar
FUEL/USD,["Gate.io"],Etherparty,US Dollar
FUNK/USD,["Synthetic"],The Cypherfunks,US Dollar
FUN/USD,["Gate.io",,
FUZZ/USD,["Synthetic"],FuzzBalls,US Dollar
FXC/USD,["Synthetic"],Flexacoin,US Dollar
FXS/USD,["Binance",,
FX/USD,["Synthetic"],Function X,US Dollar
FYP/USD,["Synthetic"],FlypMe,US Dollar
GAIN/USD,["Synthetic"],UGAIN,US Dollar
GALA/USD,["Binance",,
GAL/USD,["Binance",,
GAME/USD,["BitBay",,
GAM/USD,["Synthetic"],Gambit,US Dollar
GAP/USD,["Synthetic"],Gapcoin,US Dollar
GAS/USD,["Gate.io",,
GBT/USD,["Synthetic"],GameBet Coin,US Dollar
GB/USD,["Synthetic"],GoldBlocks,US Dollar
GBX/USD,["Synthetic"],GoByte,US Dollar
GBYTE/USD,["Synthetic"],Obyte,US Dollar
GCC/USD,["Synthetic"],GuccioneCoin,US Dollar
GCN/USD,["Synthetic"],GCN Coin,US Dollar
GCR/USD,["Synthetic"],Global Currency Reserve,US Dollar
GEERT/USD,["Synthetic"],GeertCoin,US Dollar
GEN/USD,["Synthetic"],DAOstack,US Dollar
GEO/USD,["Synthetic"],GeoCoin,US Dollar
GIM/USD,["Synthetic"],Gimli,US Dollar
GIN/USD,["Synthetic"],GINcoin,US Dollar
GLCn/USD,["Synthetic"],GlobalCoin,US Dollar
GLMR/USD,["Binance",,
GLS/USD,["Synthetic"],GlassCoin,US Dollar
GLT/USD,["Synthetic"],GlobalToken,US Dollar
GML/USD,["Synthetic"],GameLeagueCoin,US Dollar
GMTn/USD,["Binance",,
GMT/USD,["Synthetic"],Mercury Protocol,US Dollar
GMX/USD,["Synthetic"],GoldMaxCoin,US Dollar
GNO/USD,["Binance",,
GNT/USD,["Gate.io",,
GNX/USD,["Gate.io"],Genaro Network,US Dollar
GOD/USD,["Gate.io"],Bitcoin God,US Dollar
GOLF/USD,["Synthetic"],Golfcoin,US Dollar
GOOD/USD,["Synthetic"],Goodomy,US Dollar
GOT/USD,["Synthetic"],GoNetwork,US Dollar
GO/USD,["Kucoin",,
GP/USD,["Synthetic"],GoldPieces,US Dollar
GPU/USD,["Synthetic"],GPU Coin,US Dollar
GRC/USD,["Synthetic"],GridCoin,US Dollar
GRE/USD,["Synthetic"],Greencoin,US Dollar
GRFT/USD,["Synthetic"],Graft,US Dollar
GRIN/USD,["Gate.io",,
GRS/USD,["Synthetic"],Groestlcoin,US Dollar
GRT/USD,["Binance",,
GRV/USD,["Synthetic"],Gravium,US Dollar
GRWI/USD,["Synthetic"],Growers International,US Dollar
GRX/USD,["Synthetic"],GOLD Reward Token,US Dollar
GSC/USD,["Synthetic"],Global Social Chain,US Dollar
GSR/USD,["Synthetic"],GeyserCoin,US Dollar
GST/USD,["Coinbase Pro",,
GTCG/USD,["Synthetic"],Game.com,US Dollar
GTC/USD,["Gate.io",,
GTO/USD,["Binance",,
GT/USD,["Gate.io",,
GUESS/USD,["Synthetic"],Peerguess,US Dollar
GUN/USD,["Synthetic"],Guncoin,US Dollar
GUP/USD,["Synthetic"],Matchpool,US Dollar
GUSD/USD,["BitMart",,
GVT/USD,["Synthetic"],Genesis Vision,US Dollar
GXC/USD,["Bit-Z",,
GXS/USD,["Hotbit",,
HAC/USD,["Synthetic"],Hackspace Capital,US Dollar
HALLO/USD,["Synthetic"],Halloween Coin,US Dollar
HBAR/USD,["Binance",,
HBC/USD,["Synthetic"],HomeBlockCoin,US Dollar
HCA/USD,["Huobi",,
HCC/USD,["Synthetic"],Happy Creator Coin,US Dollar
HC/USD,["Synthetic"],Harvest Masternode Coin,US Dollar
HDG/USD,["YoBit"],Hedge,US Dollar
HEDG/USD,["Synthetic"],HedgeTrade,US Dollar
HELP/USD,["Synthetic"],Helpico,US Dollar
HEROm/USD,["Gate.io",,
HER/USD,["Synthetic"],HeroNode,US Dollar
HGT/USD,["Synthetic"],HelloGold,US Dollar
HIGH/USD,["Synthetic"],High Gain,US Dollar
HKN/USD,["Synthetic"],Hacken,US Dollar
HMC/USD,["Synthetic"],HarmonyCoin,US Dollar
HMP/USD,["Synthetic"],HempCoin,US Dollar
HMQ/USD,["Synthetic"],Humaniq,US Dollar
HNC/USD,["Synthetic"],Hellenic Coin,US Dollar
HNT/USD,["Binance",,
HODL/USD,["Synthetic"],HOdlcoin,US Dollar
HOHOHO/USD,["LATOKEN"],Santa Floki,US Dollar
HOTL/USD,["Synthetic"],Hydro Protocol,US Dollar
HOT/USD,["BigONE",,
HPB/USD,["Bibox",,
HPC/USD,["Synthetic",,
HST/USD,["Synthetic"],Decision Token,US Dollar
HTC/USD,["Synthetic"],HitCoin,US Dollar
HTML5/USD,["Synthetic"],HTML5COIN,US Dollar
HTR/USD,["Gate.io",,
HT/USD,["Huobi"],Huobi Token,US Dollar
HUC/USD,["Synthetic"],HunterCoin,US Dollar
HUNC/USD,["Synthetic"],Huncoin,US Dollar
HUSD/USD,["Hotbit"],HUSD,US Dollar
HVCO/USD,["Synthetic"],High Voltage,US Dollar
HVN/USD,["Synthetic"],Hiveterminal Token,US Dollar
HXX/USD,["Synthetic"],Hexx,US Dollar
HYDRO/USD,["Synthetic"],Hydro,US Dollar
HYPER/USD,["Synthetic"],Hyper,US Dollar
HYP/USD,["Synthetic"],HyperStake,US Dollar
HYTV/USD,["Synthetic"],Hyper TV,US Dollar
I0C/USD,["Synthetic"],I0Coin,US Dollar
IBANK/USD,["Synthetic"],iBank,US Dollar
IBTC/USD,["Synthetic"],iBTC,US Dollar
ICE/USD,["Synthetic"],iDice,US Dollar
ICOB/USD,["Synthetic"],ICOBID,US Dollar
ICOM/USD,["ProBit Exchange"],iCommunity Labs,US Dollar
ICON/USD,["Synthetic"],Iconic,US Dollar
ICOS/USD,["Synthetic"],ICOS,US Dollar
ICP/USD,["Binance",,
ICX/USD,["Binance",,
IETH/USD,["YoBit"],iEthereum,US Dollar
IFLT/USD,["YoBit"],InflationCoin,US Dollar
IFT/USD,["Synthetic"],InvestFeed,US Dollar
IGNIS/USD,["Synthetic"],Ignis,US Dollar
IHT/USD,["Gate.io"],IHT Real Estate Protocol,US Dollar
ILV/USD,["Binance"],Illuvium,US Dollar
IMPS/USD,["Synthetic"],ImpulseCoin,US Dollar
IMS/USD,["Synthetic"],Independent Money System,US Dollar
IMXm/USD,["FTX",,
INB/USD,["DragonEX"],Insight Chain,US Dollar
IND/USD,["Synthetic"],Indorse Token,US Dollar
INF/USD,["Synthetic"],InfChain,US Dollar
INFX/USD,["Synthetic"],Influxcoin,US Dollar
INJ/USD,["Binance"],Injective Protocol,US Dollar
INK/USD,["Gate.io"],Ink,US Dollar
INN/USD,["Synthetic"],Innova,US Dollar
INO/USD,["Exrates"],INO COIN,US Dollar
INSN/USD,["Synthetic"],InsaneCoin,US Dollar
INS/USD,["Synthetic"],Insolar,US Dollar
INT/USD,["OKEx"],Internet Node Token,US Dollar
INVC/USD,["Synthetic"],Investcoin,US Dollar
INXT/USD,["Synthetic"],Internxt,US Dollar
IOC/USD,["Synthetic"],I/O Coin,US Dollar
ION/USD,["Synthetic"],ION,US Dollar
IOP/USD,["Synthetic"],Internet of People,US Dollar
IOST/USD,["Binance",,
IOTA/USD,["Bitfinex",,
IOT/USD,["Binance",,
IOTX/USD,["Binance",,
IPX/USD,["HitBTC",,
IQN/USD,["YoBit"],IQeon,US Dollar
IREX/USD,["Synthetic"],imbrex,US Dollar
IRIS/USD,["Binance",,
IRL/USD,["Synthetic"],IrishCoin,US Dollar
ISL/USD,["Synthetic"],IslaCoin,US Dollar
ITC/USD,["OKEx"],IoT Chain,US Dollar
ITI/USD,["Synthetic"],iTicoin,US Dollar
IVY/USD,["Synthetic"],Ivy,US Dollar
IVZ/USD,["Synthetic"],InvisibleCoin,US Dollar
IXC/USD,["Synthetic"],Ixcoin,US Dollar
IXT/USD,["Synthetic"],iXledger,US Dollar
JAN/USD,["Synthetic"],CoinJanitor,US Dollar
JASMY/USD,["Bittrex",,
JET/USD,["Synthetic"],Jetcoin,US Dollar
JIN/USD,["Synthetic"],Jin Coin,US Dollar
JNT/USD,["Synthetic"],Jibrel Network,US Dollar
JOBS/USD,["Synthetic"],JobsCoin,US Dollar
JSE/USD,["Synthetic"],JSECOIN,US Dollar
JS/USD,["Synthetic"],JavaScript Token,US Dollar
JWL/USD,["Synthetic"],Jewels,US Dollar
KALA/USD,["ProBit Exchange"],Kala,US Dollar
KARMA/USD,["Synthetic"],Karmacoin,US Dollar
KASHH/USD,["Synthetic"],KashhCoin,US Dollar
KAVA/USD,["Binance",,
KBR/USD,["Synthetic"],Kubera Coin,US Dollar
KCS/USD,["Kucoin"],KuCoin Shares,US Dollar
KDA/USD,["Bittrex",,
KED/USD,["Synthetic"],Darsek,US Dollar
KEEP/USD,["Coinbase Pro"],Keep Network,US Dollar
KEK/USD,["Synthetic"],KekCoin,US Dollar
KEY/USD,["Binance",,
KICK/USD,["STEX"],KickToken,US Dollar
KIN/USD,["CoinTiger"],Kin,US Dollar
KLAY/USD,["Gate.io",,
KLC/USD,["Synthetic"],KiloCoin,US Dollar
KMD/USD,["Synthetic"],Komodo,US Dollar
KNC/USD,["Binance",,
KOBO/USD,["Synthetic"],Kobocoin,US Dollar
KORE/USD,["Synthetic"],Kore,US Dollar
KP3R/USD,["Binance",,
KSM/USD,["Binance",,
KUB/USD,["Synthetic"],Bitkub Coin,US Dollar
KUMA/USD,["Gate.io"],Kuma Inu,US Dollar
KURT/USD,["Synthetic"],Kurrent,US Dollar
KUSH/USD,["Synthetic"],KushCoin,US Dollar
LAMBO/USD,["YoBit"],Lambo Coin,US Dollar
LANA/USD,["Synthetic"],LanaCoin,US Dollar
LA/USD,["Synthetic"],LATOKEN,US Dollar
LAZIO/USD,["Binance"],S.S. Lazio Fan Token,US Dollar
LAZ/USD,["Synthetic"],Lazaruscoin,US Dollar
LBA/USD,["Gate.io"],Cred,US Dollar
LBC/USD,["Synthetic"],LBRY Credits,US Dollar
LBTCX/USD,["YoBit"],LiteBitcoin,US Dollar
LCC/USD,["SouthXchange",,
LCE/USD,["Synthetic"],LitecoinExtreme,US Dollar
LCP/USD,["Synthetic"],Litecoin Plus,US Dollar
LDC/USD,["Synthetic"],Leadcoin,US Dollar
LDOGE/USD,["Synthetic"],LiteDoge,US Dollar
LDO/USD,["Binance",,
LEA/USD,["Synthetic"],LeaCoin,US Dollar
LEOu/USD,["Bitfinex",,
LEPEN/USD,["Synthetic"],LePen,US Dollar
LINA/USD,["Binance"],Linear,US Dollar
LINDA/USD,["Synthetic"],Linda,US Dollar
LINK/USD,["Binance",,
LINX/USD,["Synthetic"],Linx,US Dollar
LION/USD,["Synthetic"],Lion Coin,US Dollar
LIR/USD,["Synthetic"],LetItRide,US Dollar
LIZA/USD,["Synthetic"],LIZA,US Dollar
LIZ/USD,["Synthetic"],Lizus,US Dollar
LKC/USD,["Synthetic"],LinkedCoin,US Dollar
LKK/USD,["Synthetic"],Lykke,US Dollar
LKRc/USD,["Synthetic"],LKRCoin,US Dollar
LMC/USD,["Synthetic"],LoMoCoin,US Dollar
LND/USD,["Synthetic"],LendingBlock,US Dollar
LNK/USD,["Synthetic"],Link Platform,US Dollar
LNX/USD,["ProBit Exchange"],LNX Protocol,US Dollar
LOC/USD,["HitBTC",,
LOKI/USD,["Synthetic"],Loki,US Dollar
LOOM/USD,["Synthetic"],Loom Network,US Dollar
LOT/USD,["Synthetic"],LottoCoin,US Dollar
LPC/USD,["Synthetic"],Lightpaycoin,US Dollar
LPT/USD,["Binance",,
LRC/USD,["Binance",,
LSK/USD,["Binance",,
LTB/USD,["Synthetic"],LiteBar,US Dollar
LTCR/USD,["Synthetic"],Litecred,US Dollar
LTC/USD,["Binance",,
LTCU/USD,["Synthetic"],LiteCoin Ultra,US Dollar
LTG/USD,["Synthetic"],LiteCoin Gold,US Dollar
LTH/USD,["Synthetic"],LAthaan,US Dollar
LUNAt/USD,["Binance",,
LUNA/USD,["Synthetic"],Luna Coin,US Dollar
LUNC/USD,["Gate.io",,
LUN/USD,["Synthetic"],Lunyr,US Dollar
LUX/USD,["Synthetic"],LUXCoin,US Dollar
LVPS/USD,["Synthetic"],LevoPlus,US Dollar
LYL/USD,["Synthetic"],LoyalCoin,US Dollar
LYM/USD,["Gate.io",,
MAC/USD,["Synthetic"],Machinecoin,US Dollar
MAGN/USD,["Synthetic"],Magnetcoin,US Dollar
MAGT/USD,["Synthetic"],Magnet,US Dollar
MAID/USD,["HitBTC"],MaidSafeCoin,US Dollar
MANA/USD,["Binance",,
Manna/USD,["Kraken"],Manna,US Dollar
MAN/USD,["Synthetic"],Martix AI Network,US Dollar
MAO/USD,["Synthetic"],Mao Zedong,US Dollar
MARc/USD,["Synthetic"],Mchain,US Dollar
MARO/USD,["Bibox"],Maro,US Dollar
MARS/USD,["Synthetic"],Marscoin,US Dollar
MARX/USD,["Synthetic"],MarxCoin,US Dollar
MASK/USD,["Binance",,
MATIC/USD,["Binance",,
MAVRO/USD,["Synthetic"],Mavro,US Dollar
MAX/USD,["Synthetic"],MaxCoin,US Dollar
MAY/USD,["Synthetic"],Theresa May Coin,US Dollar
MAZA/USD,["Synthetic"],MazaCoin,US Dollar
MBOX/USD,["Binance"],MOBOX,US Dollar
MBRS/USD,["Synthetic"],Embers,US Dollar
MCAP/USD,["Synthetic"],MCAP,US Dollar
MCI/USD,["Synthetic"],Musiconomi,US Dollar
MCO/USD,["OKEx",,
MCR/USD,["Synthetic"],Macro,US Dollar
MDA/USD,["Gate.io"],Moeda Loyalty Points,US Dollar
MDS/USD,["Gate.io"],MediShares,US Dollar
MDT/USD,["Gate.io",,
MDX/USD,["Binance",,
MEC/USD,["Synthetic"],Megacoin,US Dollar
MED/USD,["Gate.io"],Medibloc,US Dollar
MEDX/USD,["Synthetic"],MediBloc [ERC20],US Dollar
MERI/USD,["Synthetic"],Merebel,US Dollar
MER/USD,["Synthetic"],Mercury,US Dollar
METAL/USD,["Synthetic"],MetalCoin,US Dollar
METIS/USD,["Gate.io",,
MET/USD,["Gate.io",,
MEXC/USD,["Synthetic"],MEXC Token,US Dollar
MFT/USD,["Binance",,
MGC/USD,["Synthetic"],MergeCoin,US Dollar
MGM/USD,["Synthetic"],Magnum,US Dollar
MGO/USD,["BitForex"],MobileGo,US Dollar
MHC/USD,["CEX.IO",,
MIC/USD,["Synthetic"],Mindexcoin,US Dollar
MILO/USD,["Synthetic"],MiloCoin,US Dollar
MINA/USD,["Binance"],Mina,US Dollar
MINEX/USD,["Synthetic"],Minex,US Dollar
MINTME/USD,["Synthetic"],MintMe.com Coin,US Dollar
MIN/USD,["Synthetic"],MINDOL,US Dollar
MITH/USD,["Binance",,
MKR/USD,["HitBTC",,
MLN/USD,["Ethfinex"],Melon,US Dollar
MM/USD,["Synthetic"],MilliMeter,US Dollar
MMXVI/USD,["Synthetic"],MMXVI,US Dollar
MND/USD,["Synthetic"],MindCoin,US Dollar
MNM/USD,["Synthetic"],Mineum,US Dollar
MNTP/USD,["Synthetic",,
MNX/USD,["Livecoin"],MinexCoin,US Dollar
MOAC/USD,["Coinbene"],MOAC,US Dollar
MOBI/USD,["Gate.io"],Mobius,US Dollar
MOB/USD,["Binance"],MobileCoin,US Dollar
MOIN/USD,["Synthetic"],Moin,US Dollar
MOJO/USD,["Synthetic"],MojoCoin,US Dollar
MONA/USD,["Synthetic"],MonaCoin,US Dollar
MONETA/USD,["Synthetic"],Moneta,US Dollar
MONEY/USD,["Synthetic"],MoneyCoin,US Dollar
MONK/USD,["Synthetic"],Monkey Project,US Dollar
MOTO/USD,["Synthetic"],Motocoin,US Dollar
MOVR/USD,["Gate.io",,
MPL/USD,["Coinbase Pro",,
MRJA/USD,["Synthetic"],GanjaCoin,US Dollar
MRT/USD,["Synthetic"],Miners Reward Token,US Dollar
MSP/USD,["Synthetic"],Mothership,US Dollar
MST/USD,["Synthetic"],MustangCoin,US Dollar
MTC/USD,["Synthetic"],doc.com Token,US Dollar
MTH/USD,["Synthetic"],Monetha,US Dollar
MTLMC3/USD,["Synthetic"],Metal Music Coin,US Dollar
MTL/USD,["Binance",,
MTNC/USD,["Synthetic"],Masternodecoin,US Dollar
MTN/USD,["Gate.io",,
MUE/USD,["Synthetic"],MonetaryUnit,US Dollar
MUSIC/USD,["Synthetic"],Musicoin,US Dollar
MVL/USD,["Synthetic"],MVL,US Dollar
MWAT/USD,["Synthetic"],Restart Energy MWAT,US Dollar
MXM/USD,["Coinbene"],Maximine Coin,US Dollar
MXT/USD,["Synthetic"],MarteXcoin,US Dollar
MYB/USD,["Synthetic"],MyBit Token,US Dollar
MYST/USD,["Synthetic"],Mysterium,US Dollar
NAMO/USD,["Synthetic"],NamoCoin,US Dollar
NANJ/USD,["Synthetic"],NANJCOIN,US Dollar
NANO/USD,["Binance",,
NANOX/USD,["Synthetic"],Project-X,US Dollar
NAS/USD,["Huobi",,
NAV/USD,["Synthetic"],NavCoin,US Dollar
NBIT/USD,["Synthetic"],netBit,US Dollar
NBR/USD,["Synthetic"],Niobio Cash,US Dollar
NCASH/USD,["Synthetic"],Nucleus Vision,US Dollar
NEAR/USD,["Binance",,
NEBL/USD,["Synthetic"],Neblio,US Dollar
NEC/USD,["Ethfinex"],Nectar,US Dollar
NEOG/USD,["Synthetic"],NEO GOLD,US Dollar
NEOS/USD,["Synthetic"],NeosCoin,US Dollar
NEO/USD,["Binance",,
NETKO/USD,["Synthetic"],Netko,US Dollar
NET/USD,["Synthetic"],NetCoin,US Dollar
NEU/USD,["HitBTC"],Neumark,US Dollar
NEVA/USD,["Synthetic"],NevaCoin,US Dollar
NEWB/USD,["Synthetic"],Newbium,US Dollar
NEXO/USD,["Hotbit",,
NFT/USD,["Huobi",,
NGC/USD,["Synthetic"],NAGA,US Dollar
NICASH/USD,["Synthetic"],Nicash,US Dollar
NIM/USD,["Hotbit",,
NKA/USD,["Synthetic"],IncaKoin,US Dollar
NKN/USD,["Binance",,
NLC2/USD,["Synthetic"],NoLimitCoin,US Dollar
NLG/USD,["Synthetic"],Gulden,US Dollar
NMC/USD,["Synthetic"],Namecoin,US Dollar
NMR/USD,["Synthetic"],Numeraire,US Dollar
NMS/USD,["Synthetic"],Numus,US Dollar
NOAH/USD,["Synthetic"],Noah Coin,US Dollar
NOBL/USD,["Synthetic"],NobleCoin,US Dollar
NODC/USD,["Synthetic"],NodeCoin,US Dollar
NOTE/USD,["Synthetic"],DNotes,US Dollar
NPW/USD,["HCoin"],New Power Coin,US Dollar
NPXS/USD,["Bittrex",,
NRG/USD,["Synthetic"],Energi,US Dollar
NRO/USD,["Synthetic"],Neuro,US Dollar
NSD/USD,["Synthetic"],Nasdacoin,US Dollar
NTC/USD,["Synthetic"],Natcoin,US Dollar
NTK/USD,["Synthetic"],Neurotoken,US Dollar
NTO/USD,["Synthetic"],Fujinto,US Dollar
NTRN/USD,["Synthetic"],Neutron,US Dollar
NTWK/USD,["Synthetic"],Network Token,US Dollar
NULS/USD,["Binance",,
NuShares/USD,["Kraken"],NuShares,US Dollar
NU/USD,["Coinbase Pro"],NuCypher,US Dollar
NVC/USD,["Synthetic"],Novacoin,US Dollar
NXC/USD,["Synthetic"],Nexium,US Dollar
NXS/USD,["Synthetic"],Nexus,US Dollar
NXT/USD,["HitBTC"],Nxt,US Dollar
NYAN/USD,["Synthetic"],Nyancoin,US Dollar
NYC/USD,["YoBit"],NewYorkCoin,US Dollar
OAX/USD,["Synthetic"],OAX,US Dollar
OBITS/USD,["Synthetic"],OBITS,US Dollar
OCEANp/USD,["Binance"],Ocean Protocol,US Dollar
OCN/USD,["Gate.io",,
OCOW/USD,["Synthetic"],OCOW,US Dollar
OCT/USD,["Synthetic"],OracleChain,US Dollar
ODE/USD,["Ethfinex"],ODEM,US Dollar
ODN/USD,["Synthetic"],Obsidian,US Dollar
OGN/USD,["Binance",,
OKB/USD,["OKEx"],OKB,US Dollar
OK/USD,["Synthetic"],OKCash,US Dollar
OLT/USD,["Synthetic"],OneLedger,US Dollar
OMC/USD,["Synthetic"],Omicron,US Dollar
OMG/USD,["Binance",,
OMNI/USD,["Bitfinex"],Omni,US Dollar
ONE/USD,["Binance"],Harmony,US Dollar
ONION/USD,["Synthetic"],DeepOnion,US Dollar
ONT/USD,["Huobi",,
ONX/USD,["Synthetic"],Onix,US Dollar
OPAL/USD,["Synthetic"],Opal,US Dollar
OPCT/USD,["Synthetic"],Opacity,US Dollar
OPC/USD,["Synthetic"],OP Coin,US Dollar
OPES/USD,["Synthetic"],Opescoin,US Dollar
OPm/USD,["Binance",,
OPTI/USD,["Synthetic"],OptiToken,US Dollar
OPT/USD,["Synthetic"],Opus,US Dollar
OP/USD,["Synthetic"],Operand,US Dollar
ORB/USD,["Synthetic"],Orbitcoin,US Dollar
ORLY/USD,["Synthetic"],Orlycoin,US Dollar
ORMEUS/USD,["Synthetic"],Ormeus Coin,US Dollar
OS76/USD,["Synthetic"],OsmiumCoin,US Dollar
OST/USD,["Gate.io"],Simple Token,US Dollar
OTN/USD,["Synthetic"],Open Trading Network,US Dollar
OXT/USD,["Coinbase Pro",,
P7C/USD,["Synthetic"],P7Coin,US Dollar
PAC/USD,["Synthetic"],PAC Global,US Dollar
PAIp/USD,["Huobi"],Project Pai,US Dollar
PAK/USD,["YoBit"],Pakcoin,US Dollar
PART/USD,["Synthetic"],Particl,US Dollar
PASC/USD,["Synthetic"],Pascal Coin,US Dollar
PASL/USD,["Synthetic"],Pascal Lite,US Dollar
PAXG/USD,["Binance"],PAX Gold,US Dollar
PAX/USD,["Binance",,
PAYP/USD,["Synthetic"],PayPeer,US Dollar
PAY/USD,["Gate.io",,
PAYX/USD,["Synthetic"],Paypex,US Dollar
PBT/USD,["Synthetic"],Primalbase Token,US Dollar
PCN/USD,["Synthetic"],PeepCoin,US Dollar
PCOIN/USD,["Synthetic"],Pioneer Coin,US Dollar
PCS/USD,["Synthetic"],Pabyosi Coin (Special),US Dollar
PDC/USD,["Synthetic"],Project Decorum,US Dollar
pDOTn/USD,["Binance",,
PENG/USD,["Synthetic"],Penguin Coin,US Dollar
PEOPLE/USD,["Binance",,
PERP/USD,["Binance"],Perpetual Protocol,US Dollar
PEXT/USD,["YoBit"],Prime-Ex Perpetual,US Dollar
PEX/USD,["Synthetic"],PosEx,US Dollar
PGL/USD,["Synthetic"],Prospectors Gold,US Dollar
Phantomx/USD,["Kraken"],Phantomx,US Dollar
PHO/USD,["Synthetic"],Photon,US Dollar
PHR/USD,["Synthetic"],Phore,US Dollar
PHX/USD,["Synthetic"],Red Pulse Phoenix,US Dollar
PIE/USD,["Synthetic"],PIECoin,US Dollar
PIGGY/USD,["Synthetic"],Piggycoin,US Dollar
PING/USD,["Synthetic"],CryptoPing,US Dollar
PINK/USD,["Synthetic"],Pinkcoin,US Dollar
PIRL/USD,["Synthetic"],Pirl,US Dollar
PI/USD,["Bibox",,
PIVX/USD,["Synthetic"],PIVX,US Dollar
PIX/USD,["Synthetic"],Lampix,US Dollar
PKB/USD,["Synthetic"],ParkByte,US Dollar
PKT/USD,["Synthetic"],Playkey,US Dollar
PLACO/USD,["Synthetic"],PlayerCoin,US Dollar
PLBT/USD,["Synthetic"],Polybius,US Dollar
PLC/USD,["Synthetic"],PlusCoin,US Dollar
PLNC/USD,["Synthetic"],PLNcoin,US Dollar
PLR/USD,["HitBTC"],Pillar,US Dollar
PLTC/USD,["HitBTC",,
Pluton/USD,["Kraken"],Pluton,US Dollar
PMA/USD,["HitBTC",,
PMNT/USD,["Synthetic"],Paymon,US Dollar
PND/USD,["Synthetic"],Pandacoin,US Dollar
PNK/USD,["Synthetic"],Kleros,US Dollar
POA/USD,["Synthetic"],POA Network,US Dollar
POE/USD,["Synthetic"],Po.et,US Dollar
POKE/USD,["Synthetic"],PokeCoin,US Dollar
POLIS/USD,["Gate.io"],Star Atlas DAO,US Dollar
POLS/USD,["Binance"],Polkastarter,US Dollar
POLY/USD,["Synthetic"],Polymath,US Dollar
POND/USD,["Binance",,
PONZI/USD,["Synthetic"],PonziCoin,US Dollar
POP/USD,["Synthetic"],PopularCoin,US Dollar
PORTO/USD,["Binance"],FC Porto Fan Token,US Dollar
POST/USD,["Synthetic"],PostCoin,US Dollar
POS/USD,["Synthetic"],PoSToken,US Dollar
POSW/USD,["Synthetic"],PoSW Coin,US Dollar
POT/USD,["Synthetic"],PotCoin,US Dollar
POWR/USD,["Gate.io",,
PPC/USD,["HitBTC"],Peercoin,US Dollar
PPP/USD,["Synthetic"],PayPie,US Dollar
PPT/USD,["OKEx",,
PRES/USD,["Synthetic"],President Trump,US Dollar
PRE/USD,["Synthetic"],Presearch,US Dollar
PRG/USD,["Synthetic"],Paragon,US Dollar
PRIMU/USD,["Synthetic"],Primulon,US Dollar
PRIV/USD,["Synthetic"],PRiVCY,US Dollar
PRIX/USD,["Synthetic"],Privatix,US Dollar
PRM/USD,["Synthetic"],PrismChain,US Dollar
PRN/USD,["Synthetic"],Protean,US Dollar
PROM/USD,["Synthetic"],Prometeus,US Dollar
PRO/USD,["Synthetic"],Propy,US Dollar
PRS/USD,["BigONE",,
PRX/USD,["Synthetic"],Printerium,US Dollar
PST/USD,["Gate.io",,
PSY/USD,["Synthetic"],Psilocybin,US Dollar
PTD/USD,["Synthetic"],Peseta Digital,US Dollar
PTOY/USD,["Synthetic"],Patientory,US Dollar
PTT/USD,["Synthetic"],Proton Token,US Dollar
PULSE/USD,["Synthetic"],Pulse,US Dollar
PURE/USD,["Synthetic"],Pure,US Dollar
PUT/USD,["Livecoin"],PutinCoin,US Dollar
PXI/USD,["Synthetic"],Prime-XI,US Dollar
PX/USD,["Synthetic"],PX,US Dollar
PYR/USD,["Binance",,
PZM/USD,["BTC-Alpha",,
Q2C/USD,["Synthetic"],QubitCoin,US Dollar
QASH/USD,["Gate.io",,
QAU/USD,["Synthetic"],Quantum,US Dollar
QBC/USD,["Synthetic"],Quebecoin,US Dollar
QBIT/USD,["p2pb2b"],Qubitica,US Dollar
QBT/USD,["Gate.io"],Qbao,US Dollar
QKC/USD,["DragonEX",,
QLC/USD,["Gate.io",,
QNT/USD,["Binance",,
QRDO/USD,["Gate.io",,
QRK/USD,["Synthetic"],Quark,US Dollar
QRL/USD,["Synthetic"],Quantum Resistant Ledger,US Dollar
QSP/USD,["Gate.io"],Quantstamp,US Dollar
QTUM/USD,["Binance",,
QUAN/USD,["Synthetic"],Quantis Network,US Dollar
QUICK/USD,["Binance",,
QUN/USD,["OKEx"],QunQun,US Dollar
QWARK/USD,["Synthetic"],Qwark,US Dollar
RACA/USD,["Gate.io",,
RADS/USD,["Synthetic"],Radium,US Dollar
RAD/USD,["Binance",,
RAIN/USD,["Synthetic"],Condensate,US Dollar
RAY/USD,["Binance",,
RBIES/USD,["Synthetic"],Rubies,US Dollar
RBTC/USD,["Synthetic"],RSK Smart Bitcoin,US Dollar
RBT/USD,["Synthetic"],Rimbit,US Dollar
RBY/USD,["Synthetic"],Rubycoin,US Dollar
RCN/USD,["Gate.io"],Ripio Credit Network,US Dollar
RC/USD,["Synthetic"],RussiaCoin,US Dollar
RDD/USD,["Synthetic"],ReddCoin,US Dollar
RDN/USD,["Gate.io"],Raiden Network Token,US Dollar
REAL/USD,["Synthetic"],REAL,US Dollar
REC/USD,["YoBit"],Regalcoin,US Dollar
RED/USD,["Synthetic"],RedCoin,US Dollar
REEC/USD,["Synthetic"],Renewable Electronic Energy Coin,US Dollar
REEF/USD,["Binance",,
REGA/USD,["Synthetic"],Regacoin,US Dollar
REM/USD,["Gate.io",,
RENBTC/USD,["Gate.io",,
REN/USD,["Binance",,
REOSC/USD,["Synthetic"],REOSC,US Dollar
REP/USD,["Bibox",,
REQ/USD,["Gate.io"],Request,US Dollar
REVa/USD,["Bittrex"],Revain,US Dollar
RFR/USD,["Gate.io"],Refereum,US Dollar
RGT/USD,["Binance",,
RHOC/USD,["Synthetic"],RChain,US Dollar
RICHX/USD,["Synthetic"],RichCoin,US Dollar
RIC/USD,["Synthetic"],Riecoin,US Dollar
RIDE/USD,["Synthetic"],Ride My Car,US Dollar
RISE/USD,["Synthetic"],Rise,US Dollar
RIYA/USD,["Synthetic"],Etheriya,US Dollar
RKC/USD,["Synthetic"],Royal Kingdom Coin,US Dollar
RLC/USD,["Gate.io"],iExec RLC,US Dollar
RLT/USD,["Synthetic"],RouletteToken,US Dollar
RLY/USD,["Coinbase Pro",,
RMC/USD,["Synthetic"],Russian Miner Coin,US Dollar
RMRK/USD,["KuCoin"],RMRK,US Dollar
RMT/USD,["Synthetic"],SureRemit,US Dollar
RNDR/USD,["Binance",,
RNS/USD,["Synthetic"],Renos,US Dollar
RNTB/USD,["YoBit"],BitRent,US Dollar
RNT/USD,["OKEx"],OneRoot Network,US Dollar
ROC/USD,["Synthetic"],Rasputin Online Coin,US Dollar
RONc/USD,["Synthetic"],RON,US Dollar
ROOBEE/USD,["Synthetic"],ROOBEE,US Dollar
ROOFS/USD,["Synthetic"],Roofs,US Dollar
ROSE/USD,["Binance",,
ROYAL/USD,["Synthetic"],RoyalCoin,US Dollar
RPC/USD,["Synthetic"],RonPaulCoin,US Dollar
RSGP/USD,["Synthetic"],RSGPcoin,US Dollar
RSR/USD,["Binance",,
RSV/USD,["Gate.io"],Reserve,US Dollar
RUBIT/USD,["Synthetic"],RubleBit,US Dollar
RUFF/USD,["Gate.io",,
RUNE/USD,["Binance",,
RUNNERS/USD,["Synthetic"],Runners,US Dollar
RUP/USD,["YoBit"],Rupee,US Dollar
RUPX/USD,["Synthetic"],Rupaya,US Dollar
R/USD,["Synthetic"],Revain,US Dollar
RVN/USD,["Binance",,
RYO/USD,["Synthetic"],Ryo Currency,US Dollar
SAFEMOON/USD,["Gate.io"],SafeMoon,US Dollar
SAFEX/USD,["Synthetic"],Safe Exchange Coin,US Dollar
SAGA/USD,["Synthetic"],SagaCoin,US Dollar
SALT/USD,["Gate.io"],SALT,US Dollar
SANDG/USD,["Synthetic"],Save and Gain,US Dollar
SAND/USD,["Binance",,
SANTOS/USD,["Binance"],Santos FC Fan Token,US Dollar
SAN/USD,["Bitfinex"],Santiment Network Token,US Dollar
SBDR/USD,["Synthetic"],Steem Dollars,US Dollar
SBTC/USD,["Gate.io",,
SCL/USD,["YoBit"],Social,US Dollar
SCORE/USD,["Synthetic"],Scorecoin,US Dollar
SCRL/USD,["Synthetic"],SCRL,US Dollar
SCRM/USD,["Synthetic"],Scorum Coins,US Dollar
SCRTn/USD,["Gate.io"],Secret,US Dollar
SCRT/USD,["Synthetic"],SecretCoin,US Dollar
SCS/USD,["Synthetic"],Speedcash,US Dollar
SCT/USD,["Synthetic"],Soma,US Dollar
SC/USD,["Binance",,
SDC/USD,["Synthetic"],ShadowCash,US Dollar
SDN/USD,["Gate.io",,
SDP/USD,["Synthetic"],SydPak,US Dollar
SDRN/USD,["Synthetic"],Senderon,US Dollar
SEELE/USD,["CoinEx"],Seele,US Dollar
SEQ/USD,["Synthetic"],Sequence,US Dollar
SFC/USD,["Synthetic"],Solarflarecoin,US Dollar
SFP/USD,["Binance"],SafePal,US Dollar
SHA/USD,["Synthetic"],SHACoin,US Dollar
SHDW/USD,["Synthetic"],Shadow Token,US Dollar
SHELL/USD,["Synthetic"],ShellCoin,US Dollar
SHIB/USD,["Binance",,
SHIP/USD,["Synthetic"],ShipChain,US Dollar
SHORTY/USD,["Synthetic"],Shorty,US Dollar
SHOW/USD,["Synthetic"],Show,US Dollar
SH/USD,["Synthetic"],Shilling,US Dollar
SIB/USD,["Synthetic"],SIBCoin,US Dollar
SIFT/USD,["Synthetic"],Smart Investment Fund Token,US Dollar
SIGMA/USD,["Synthetic"],SIGMAcoin,US Dollar
SIGNA/USD,["Synthetic"],Signum,US Dollar
SIGT/USD,["Synthetic"],Signatum,US Dollar
SINS/USD,["Synthetic"],SafeInsure,US Dollar
SISA/USD,["Synthetic"],SISA,US Dollar
SJCX/USD,["Synthetic"],Storjcoin X,US Dollar
SKB/USD,["Synthetic"],Sakura Bloom,US Dollar
SKC/USD,["Synthetic"],Skeincoin,US Dollar
SKIN/USD,["Synthetic"],SkinCoin,US Dollar
SKL/USD,["Binance",,
SKM/USD,["Gate.io",,
SKR/USD,["Synthetic"],Sakuracoin,US Dollar
SKULL/USD,["Synthetic"],Pirate Blocks,US Dollar
SKY/USD,["Synthetic"],Skycoin,US Dollar
SLEVIN/USD,["Synthetic"],Slevin,US Dollar
SLFI/USD,["Synthetic"],Selfiecoin,US Dollar
SLING/USD,["Synthetic"],Sling,US Dollar
SLOTH/USD,["Synthetic"],Slothcoin,US Dollar
SLP/USD,["Binance"],Smooth Love Potion,US Dollar
SLS/USD,["Synthetic"],SaluS,US Dollar
SLV/USD,["Synthetic"],Silverway,US Dollar
SMART/USD,["Exmo",,
SMC/USD,["Synthetic"],SmartCoin,US Dollar
SmileyCoin/USD,["Kraken"],SmileyCoin,US Dollar
SMT/USD,["Gate.io"],SmartMesh,US Dollar
SNC/USD,["YoBit"],SunContract,US Dollar
SND/USD,["Synthetic"],Sand Coin,US Dollar
SNGLS/USD,["Synthetic"],SingularDTV,US Dollar
SNL/USD,["Synthetic"],Sport and Leisure,US Dollar
SNM/USD,["Synthetic"],SONM,US Dollar
SNRG/USD,["Synthetic"],Synergy,US Dollar
SNTR/USD,["Synthetic"],Silent Notary,US Dollar
SNT/USD,["Huobi",,
SNTVT/USD,["Synthetic"],Sentivate,US Dollar
SNX/USD,["Binance",,
SOAR/USD,["Synthetic"],Soarcoin,US Dollar
SOCC/USD,["Synthetic"],SocialCoin,US Dollar
SOC/USD,["Huobi",,
SOIL/USD,["Synthetic"],SOILcoin,US Dollar
SOLO/USD,["CoinField"],Sologenic,US Dollar
SOL/USD,["Binance",,
SOLVE/USD,["Synthetic"],SOLVE,US Dollar
SONG/USD,["Synthetic"],SongCoin,US Dollar
SOUL/USD,["Gate.io"],Phantasma,US Dollar
SPC/USD,["Synthetic"],SpaceChain,US Dollar
SPELL/USD,["Binance",,
SPEX/USD,["Synthetic"],SproutsExtreme,US Dollar
SPF/USD,["Synthetic"],SportyCo,US Dollar
SPHR/USD,["Synthetic"],Sphere,US Dollar
SPORT/USD,["Synthetic"],SportsCoin,US Dollar
SPR/USD,["Synthetic"],SpreadCoin,US Dollar
SPT/USD,["Synthetic"],Spots,US Dollar
SQUID/USD,["LBank",,
SRCOIN/USD,["Synthetic"],SRCOIN,US Dollar
SRC/USD,["Synthetic"],SecureCoin,US Dollar
SREUR/USD,["p2pb2b"],SocialRemit,US Dollar
SRM/USD,["Binance"],Serum,US Dollar
SRN/USD,["Synthetic"],SIRIN LABS Token,US Dollar
SSS/USD,["Synthetic"],Sharechain,US Dollar
SS/USD,["Synthetic"],Sharder,US Dollar
STARL/USD,["Gate.io",,
STARS/USD,["Synthetic"],StarCash Network,US Dollar
START/USD,["Synthetic"],Startcoin,US Dollar
STAR/USD,["Synthetic"],Starbase,US Dollar
STCN/USD,["Synthetic"],Stakecoin,US Dollar
STC/USD,["Bit-Z"],StarChain,US Dollar
STEEM/USD,["Synthetic"],Steem,US Dollar
STEEP/USD,["Synthetic"],SteepCoin,US Dollar
STEPS/USD,["Synthetic"],Steps,US Dollar
STN/USD,["Synthetic"],Steneum Coin,US Dollar
STORJ/USD,["Huobi",,
STORM/USD,["Binance",,
STQ/USD,["Synthetic"],Storiqa,US Dollar
STRAT/USD,["Binance",,
STS/USD,["Synthetic"],Stress,US Dollar
STV/USD,["Synthetic"],Sativacoin,US Dollar
STXk/USD,["Binance"],Blockstack,US Dollar
STX/USD,["Gate.io",,
SUB/USD,["Synthetic"],Substratum,US Dollar
SUPERf/USD,["Binance"],SuperFarm,US Dollar
SUPER/USD,["Synthetic"],SuperCoin,US Dollar
SUR/USD,["HitBTC"],Suretly,US Dollar
SUSHI/USD,["Binance",,
SWFTC/USD,["HitBTC",,
SWIFT/USD,["Synthetic"],Bitswift,US Dollar
SWING/USD,["Synthetic"],Swing,US Dollar
SWM/USD,["Synthetic"],Swarm,US Dollar
SWP/USD,["Synthetic"],Swapcoin,US Dollar
SWTH/USD,["Gate.io"],Switcheo,US Dollar
SWT/USD,["Synthetic"],Swarm City,US Dollar
SXC/USD,["Synthetic"],Sexcoin,US Dollar
SXDT/USD,["Synthetic"],Spectre.ai Dividend Token,US Dollar
SXP/USD,["Binance",,
SYNX/USD,["Synthetic"],Syndicate,US Dollar
SYS/USD,["Synthetic"],SysCoin,US Dollar
TAAS/USD,["Synthetic"],TaaS,US Dollar
TABOO/USD,["LBank"],TABOO TOKEN,US Dollar
TAGR/USD,["Synthetic"],TAGRcoin,US Dollar
TAG/USD,["Synthetic"],TagCoin,US Dollar
TAGZ5/USD,["Synthetic"],TAGZ5,US Dollar
TAJ/USD,["Synthetic"],TajCoin,US Dollar
TALK/USD,["Synthetic"],BTCtalkcoin,US Dollar
TAU/USD,["BigONE",,
TCC/USD,["Synthetic"],The ChampCoin,US Dollar
TCHTRX/USD,["Synthetic"],ThoreCashTRX,US Dollar
TCH/USD,["Synthetic",,
TCOIN/USD,["Synthetic"],T-coin,US Dollar
TCR/USD,["Synthetic"],TheCreed,US Dollar
TCT/USD,["Binance",,
TEAMS/USD,["Synthetic"],TokenStars,US Dollar
TEAM/USD,["Synthetic"],TeamUp,US Dollar
TEK/USD,["Synthetic"],TEKcoin,US Dollar
TELL/USD,["Synthetic"],Tellurion,US Dollar
TEL/USD,["Synthetic"],Telcoin,US Dollar
TEN/USD,["Synthetic"],Tokenomy,US Dollar
TER/USD,["Synthetic"],TerraNova,US Dollar
TFL/USD,["Synthetic"],TrueFlip,US Dollar
TFUEL/USD,["Binance",,
TGAME/USD,["Synthetic"],Truegame,US Dollar
TGT/USD,["Synthetic"],Target Coin,US Dollar
THC/USD,["Synthetic"],HempCoin,US Dollar
THETA/USD,["Binance",,
THE/USD,["Synthetic"],Thore Exchange,US Dollar
THR/USD,["Synthetic"],ThoreCoin,US Dollar
THS/USD,["Synthetic"],TechShares,US Dollar
THX/USD,["Synthetic",,
TIE/USD,["Synthetic"],TIES Network,US Dollar
TIME/USD,["Synthetic"],Chronobank,US Dollar
TITAN/USD,["Huobi",,
TITn/USD,["Synthetic"],Titcoin,US Dollar
TIT/USD,["Synthetic"],TittieCoin,US Dollar
TIX/USD,["Synthetic"],Blocktix,US Dollar
TKO/USD,["Binance"],Toko Token,US Dollar
TKS/USD,["Synthetic"],Tokes,US Dollar
TKY/USD,["Kucoin",,
TLM/USD,["Binance"],Alien Worlds,US Dollar
TLR/USD,["Synthetic"],Taler Coin,US Dollar
TNB/USD,["Synthetic"],Time New Bank,US Dollar
TNC/USD,["Gate.io",,
TNT/USD,["HitBTC"],Tierion,US Dollar
TOA/USD,["Synthetic"],ToaCoin,US Dollar
TODAY/USD,["Synthetic"],TodayCoin,US Dollar
TOKC/USD,["YoBit"],TOKYO,US Dollar
TOKEN/USD,["YoBit"],SwapToken,US Dollar
TOK/USD,["Synthetic"],Tokugawa,US Dollar
TOMO/USD,["Binance",,
TONE/USD,["Synthetic"],TE-FOOD,US Dollar
TOPAZ/USD,["Synthetic"],Topaz Coin,US Dollar
TOPC/USD,["OKEx"],TopChain,US Dollar
TOR/USD,["Synthetic"],Torcoin,US Dollar
TPAY/USD,["BitForex",,
TRAC/USD,["Synthetic"],OriginTrail,US Dollar
TRC/USD,["Synthetic"],Terracoin,US Dollar
TRIA/USD,["Synthetic"],Triaconta,US Dollar
TRIBE/USD,["Binance",,
TRICK/USD,["Synthetic"],TrickyCoin,US Dollar
TRI/USD,["Synthetic"],Triangles,US Dollar
TRK/USD,["Synthetic"],Truckcoin,US Dollar
TROLL/USD,["Synthetic"],Trollcoin,US Dollar
TRUE/USD,["OKEx"],TrueChain,US Dollar
TRUMP/USD,["Synthetic"],TrumpCoin,US Dollar
TRUST/USD,["Synthetic"],TrustPlus,US Dollar
TRU/USD,["Binance",,
TRX/USD,["Binance",,
TSE/USD,["Synthetic"],Tattoocoin (Standard,US Dollar
TSL/USD,["Gate.io"],Energo,US Dollar
TSR/USD,["ZB.COM"],Tesra,US Dollar
TSTR/USD,["Synthetic"],Tristar Coin,US Dollar
TTCP/USD,["Synthetic"],TTC,US Dollar
TUBE/USD,["Synthetic"],BitTube,US Dollar
TURBO/USD,["Synthetic"],TurboCoin,US Dollar
TUSD/USD,["Binance",,
TVK/USD,["Binance"],Terra Virtua Kolect,US Dollar
TWT/USD,["Binance"],Trust Wallet Token,US Dollar
TX/USD,["Synthetic"],TransferCoin,US Dollar
TZC/USD,["Synthetic"],TrezarCoin,US Dollar
UAHPAY/USD,["Synthetic"],UAHPay,US Dollar
UBQ/USD,["Synthetic"],Ubiq,US Dollar
UBTC/USD,["OKEx"],United Bitcoin,US Dollar
UBT/USD,["Synthetic"],Unibright,US Dollar
UCA/USD,["Synthetic"],UCA Coin,US Dollar
UEDC/USD,["XT.COM"],UNITED EMIRATE DECENTRALIZED COIN.,US Dollar
UFO/USD,["Synthetic"],Uniform Fiscal Object,US Dollar
UGAS/USD,["MEXC"],UGAS,US Dollar
UGC/USD,["Synthetic"],ugChain,US Dollar
UIS/USD,["Synthetic"],Unitus,US Dollar
UKG/USD,["Synthetic"],Unikoin Gold,US Dollar
ULA/USD,["Synthetic"],Ulatech,US Dollar
UMA/USD,["Binance",,
UNB/USD,["Synthetic"],UnbreakableCoin,US Dollar
UNC/USD,["Synthetic"],UNCoin,US Dollar
UNIC/USD,["Synthetic"],UniCoin,US Dollar
UNIFY/USD,["Synthetic",,
UNIs/USD,["Binance",,
UNITS/USD,["Synthetic"],GameUnits,US Dollar
UNIT/USD,["Synthetic"],Universal Currency,US Dollar
UNRC/USD,["Livecoin"],UniversalRoyalCoin,US Dollar
UOS/USD,["Gate.io",,
UPP/USD,["Synthetic"],Sentinel Protocol,US Dollar
URC/USD,["Synthetic"],Unrealcoin,US Dollar
URO/USD,["Synthetic"],Uro,US Dollar
USC/USD,["Synthetic"],Ultimate Secure Cash,US Dollar
USDC/USD,["Binance",,
USDD/USD,["Gate.io",,
USDE/USD,["YoBit"],USDe,US Dollar
USDN/USD,["Bittrex",,
USDT/USD,["Bitfinex",,
USNBT/USD,["SouthXchange"],NuBits,US Dollar
USTC/USD,["Huobi",,
UST/USD,["Coinbase Pro"],TerraUSD,US Dollar
UTC/USD,["Synthetic"],UltraCoin,US Dollar
UTK/USD,["Binance",,
UTNP/USD,["Synthetic"],Universa,US Dollar
UTT/USD,["HitBTC"],United Traders Token,US Dollar
VAL/USD,["Synthetic"],Valorbit,US Dollar
VASH/USD,["Synthetic"],VPNCoin,US Dollar
VC/USD,["Synthetic"],VirtualCoin,US Dollar
VEC2/USD,["Synthetic"],VectorAI,US Dollar
VEE/USD,["Ethfinex"],BLOCKv,US Dollar
VEGI/USD,["SouthXchange"],Veggie,US Dollar
VERI/USD,["Synthetic"],Veritaseum,US Dollar
VET/USD,["Binance",,
VEX/USD,["BTC-Alpha"],Vexanium,US Dollar
VIA/USD,["Synthetic"],Viacoin,US Dollar
VIBE/USD,["Synthetic"],VIBE,US Dollar
VIB/USD,["HitBTC"],Viberate,US Dollar
VIDZ/USD,["Synthetic"],PureVidz,US Dollar
VIP/USD,["Synthetic"],VIP Tokens,US Dollar
VISIO/USD,["Synthetic"],Visio,US Dollar
VITE/USD,["Binance",,
VIU/USD,["Synthetic"],Viuly,US Dollar
VIVO/USD,["Synthetic"],VIVO,US Dollar
VLTC/USD,["Synthetic"],Vault Coin,US Dollar
VLT/USD,["Synthetic"],Veltor,US Dollar
VLX/USD,["Bittrex"],Velas,US Dollar
VOLLAR/USD,["Hotbit"],V-Dimension,US Dollar
VOLT/USD,["Synthetic"],Bitvolt,US Dollar
VOX/USD,["Synthetic"],Voxels,US Dollar
VOYA/USD,["Synthetic"],Voyacoin,US Dollar
VPRC/USD,["Synthetic"],VapersCoin,US Dollar
VRC/USD,["Synthetic"],VeriCoin,US Dollar
VRM/USD,["Synthetic"],VeriumReserve,US Dollar
VSL/USD,["Synthetic"],vSlice,US Dollar
VSYS/USD,["Bitfinex",,
VTC/USD,["Synthetic"],Vertcoin,US Dollar
VTR/USD,["Synthetic"],vTorrent,US Dollar
VULC/USD,["BitMart",,
V/USD,["Synthetic"],Version,US Dollar
VVS/USD,["Crypto.com Exchange"],VVS Finance,US Dollar
WABI/USD,["Synthetic"],Wabi,US Dollar
WAN/USD,["Synthetic"],Wanchain,US Dollar
WARP/USD,["Synthetic"],WARP,US Dollar
WAVES/USD,["Binance",,
WAXP/USD,["Binance"],WAX,US Dollar
WAX/USD,["Ethfinex",,
WAY/USD,["Synthetic"],WayGuide,US Dollar
WBB/USD,["Synthetic"],Wild Beast Block,US Dollar
WBTC/USD,["FTX",,
WBX/USD,["Coinbene",,
WCT/USD,["Synthetic"],Waves Community Token,US Dollar
WC/USD,["Synthetic"],WINCOIN,US Dollar
WDC/USD,["Synthetic"],WorldCoin,US Dollar
WEB/USD,["Synthetic"],Webchain,US Dollar
WEMIX/USD,["Gate.io",,
WGO/USD,["Synthetic"],WavesGo,US Dollar
WGR/USD,["Synthetic"],Wagerr,US Dollar
WICC/USD,["Huobi"],WaykiChain,US Dollar
WIC/USD,["Synthetic"],Wi Coin,US Dollar
WILD/USD,["Synthetic"],Wild Crypto,US Dollar
WINGS/USD,["Synthetic"],Wings,US Dollar
WIN/USD,["Binance",,
WISH/USD,["Synthetic"],MyWish,US Dollar
WMC/USD,["Synthetic"],WMCoin,US Dollar
WOMEN/USD,["Synthetic"],WomenCoin,US Dollar
Woodcoin/USD,["Kraken"],Woodcoin,US Dollar
WOO/USD,["Gate.io",,
WORM/USD,["Synthetic"],HealthyWormCoin,US Dollar
WOW/USD,["Synthetic"],Wowcoin,US Dollar
WOZX/USD,["Synthetic"],EFFORCE,US Dollar
WPR/USD,["Synthetic"],WePower,US Dollar
WRC/USD,["Synthetic"],Worldcore,US Dollar
WRX/USD,["Binance"],WazirX,US Dollar
WTC/USD,["Huobi",,
WTT/USD,["Synthetic"],Giga Watt Token,US Dollar
WXT/USD,["Kucoin",,
X2/USD,["Synthetic"],X2,US Dollar
X8X/USD,["Synthetic"],X8X Token,US Dollar
XAUR/USD,["Synthetic"],Xaurum,US Dollar
XBC/USD,["Synthetic"],Bitcoin Plus,US Dollar
XBL/USD,["Synthetic"],Billionaire Token,US Dollar
XBTC21/USD,["Synthetic"],Bitcoin 21,US Dollar
XBTS/USD,["Synthetic"],Beatcoin,US Dollar
XBY/USD,["Synthetic"],XTRABYTES,US Dollar
XCH/USD,["Gate.io",,
XCN/USD,["Synthetic"],Cryptonite,US Dollar
XCO/USD,["Synthetic"],X-Coin,US Dollar
XCP/USD,["Synthetic"],Counterparty,US Dollar
XCXT/USD,["Synthetic"],CoinonatX,US Dollar
XDB/USD,["Bittrex",,
XDC/USD,["Gate.io",,
XDE2/USD,["Synthetic"],XDE II,US Dollar
XDN/USD,["HitBTC"],DigitalNote,US Dollar
XEC/USD,["Binance",,
XEL/USD,["Synthetic"],XEL,US Dollar
XEM/USD,["HitBTC",,
XETn/USD,["BitMart",,
XET/USD,["Synthetic"],ETERNAL TOKEN,US Dollar
XFT/USD,["Synthetic"],Footy Cash,US Dollar
XGOX/USD,["SouthXchange"],XGOX,US Dollar
XHI/USD,["Synthetic"],HiCoin,US Dollar
XHV/USD,["Synthetic"],Haven Protocol,US Dollar
XID/USD,["Synthetic"],Sphre AIR,US Dollar
XIN/USD,["BigONE"],Mixin,US Dollar
XIOS/USD,["YoBit"],Xios,US Dollar
XJO/USD,["Synthetic"],Joulecoin,US Dollar
XLC/USD,["Synthetic"],LeviarCoin,US Dollar
XLM/USD,["Binance",,
XMCC/USD,["Synthetic"],Monoeci,US Dollar
XMG/USD,["Synthetic"],Magi,US Dollar
XMR/USD,["Binance",,
XMY/USD,["Bittrex",,
XNN/USD,["Synthetic"],Xenon,US Dollar
XOC/USD,["Synthetic"],Xonecoin,US Dollar
XPRT/USD,["Gate.io",,
XPR/USD,["KuCoin"],Proton,US Dollar
XPTX/USD,["Synthetic"],PlatinumBAR,US Dollar
XP/USD,["Synthetic"],Experience Points,US Dollar
XPX/USD,["ProBit Exchange",,
XPY/USD,["Synthetic"],PayCoin,US Dollar
XQN/USD,["Synthetic"],Quotient,US Dollar
XRA/USD,["Synthetic"],Ratecoin,US Dollar
XRC/USD,["Synthetic"],Rawcoin,US Dollar
XRE/USD,["Synthetic"],RevolverCoin,US Dollar
XRL/USD,["Synthetic"],Rialto,US Dollar
XRP/USD,["Binance",,
XSH/USD,["Synthetic"],SHIELD,US Dollar
XSTC/USD,["Synthetic"],Safe Trade Coin,US Dollar
XST/USD,["Synthetic"],Stealthcoin,US Dollar
XTD/USD,["Synthetic"],XTD Coin,US Dollar
XTO/USD,["Synthetic"],Tao,US Dollar
XTRL/USD,["Synthetic"],TurkeyEnergyToken,US Dollar
XTZ/USD,["Binance",,
XUC/USD,["HitBTC",,
XVC/USD,["Synthetic"],Vcash,US Dollar
XVE/USD,["Synthetic"],The Vegan Initiative,US Dollar
XVG/USD,["Binance",,
XVS/USD,["Binance"],Venus,US Dollar
XWC/USD,["EXX"],WhiteCoin,US Dollar
XWP/USD,["Synthetic"],Swap,US Dollar
XYM/USD,["Gate.io",,
XYO/USD,["Synthetic"],XYO,US Dollar
YAC/USD,["Synthetic"],Yacoin,US Dollar
YEE/USD,["OKEx"],Yee,US Dollar
YEL/USD,["Synthetic"],Yellow Token,US Dollar
YENTEN/USD,["Kraken"],YENTEN,US Dollar
YES/USD,["Synthetic"],Yescoin,US Dollar
YFII/USD,["Binance",,
YFI/USD,["Binance"],yearn.finance,US Dollar
YGG/USD,["Binance",,
YOYOW/USD,["OKEx"],YOYOW,US Dollar
YUP/USD,["Synthetic"],Crowdholding,US Dollar
ZAP/USD,["Synthetic"],Zap,US Dollar
ZBC/USD,["Synthetic"],Zilbercoin,US Dollar
ZB/USD,["ZB.COM"],ZB Token,US Dollar
ZCL/USD,["Synthetic"],ZClassic,US Dollar
ZCN/USD,["Gate.io",,
ZCO/USD,["Synthetic"],Zebi,US Dollar
ZEC/USD,["Binance",,
ZEIT/USD,["Synthetic"],Zeitcoin,US Dollar
ZENI/USD,["Synthetic"],Zennies,US Dollar
ZEN/USD,["Synthetic"],ZenCash,US Dollar
ZER/USD,["Synthetic"],Zero,US Dollar
ZET/USD,["Synthetic"],Zetacoin,US Dollar
ZIL/USD,["Binance",,
ZMC/USD,["Synthetic"],ZetaMicron,US Dollar
ZNE/USD,["Synthetic"],Zonecoin,US Dollar
ZNN/USD,["Synthetic"],Zenon,US Dollar
ZNY/USD,["Synthetic"],Bitzeny,US Dollar
ZOI/USD,["Synthetic"],Zoin,US Dollar
ZPT/USD,["Gate.io"],Zeepin,US Dollar
ZRC/USD,["Synthetic"],ZrCoin,US Dollar
ZRX/USD,["Binance",,
ZSC/USD,["Gate.io"],Zeusshield,US Dollar
ZUR/USD,["Synthetic"],Zurcoin,US Dollar
ZYD/USD,["Synthetic"],Zayedcoin,US Dollar
ZZC/USD,["Synthetic"],ZoZoCoin,US Dollar
